name,email,phone_number,branch
Anna Sikora,anna.sikora@gmail.com,48662318220,Warszawa
Monika Kowalska,monika.kowalska@gmail.com,48789542385,Gdańsk
Irena Kwiatkowska,irena.kwiatkowska@gmail.com,48594581634,Łódź
Jarosław Kamiński,jarosław.kamiński@gmail.com,48629028089,Kraków
Aleksandra Szewczyk,aleksandra.szewczyk@gmail.com,48551080000,Warszawa
Laura Dudek,laura.dudek@gmail.com,48724515303,Gdańsk
Franciszek Witkowski,franciszek.witkowski@gmail.com,48780307388,Kraków
Izabela Piotrowska,izabela.piotrowska@gmail.com,48677103895,Kraków
Anna Wójcik,anna.wójcik@gmail.com,48802973186,Warszawa
Dorota Wróblewska,dorota.wróblewska@gmail.com,48637405519,Warszawa
Bogumiła Kwiatkowska,bogumiła.kwiatkowska@gmail.com,48739328689,Kraków
Eryk Walczak,eryk.walczak@gmail.com,48698878064,Warszawa
Izabela Woźniak,izabela.woźniak@gmail.com,48714166808,Warszawa
Kinga Wieczorek,kinga.wieczorek@gmail.com,48781439951,Gdańsk
Jerzy Szewczyk,jerzy.szewczyk@gmail.com,48767504000,Poznań
Józef Wróblewski,józef.wróblewski@gmail.com,48701198557,Łódź
Henryk Kwiatkowski,henryk.kwiatkowski@gmail.com,48585578863,Łódź
Marianna Górska,marianna.górska@gmail.com,48640861960,Gdańsk
Elżbieta Kowalska,elżbieta.kowalska@gmail.com,48674011859,Poznań
Kacper Wróblewski,kacper.wróblewski@gmail.com,48819006788,Gdańsk
Anna Baran,anna.baran@gmail.com,48685376347,Gdańsk
Monika Grabowska,monika.grabowska@gmail.com,48668464609,Warszawa
Justyna Olszewska,justyna.olszewska@gmail.com,48800514359,Gdańsk
Elżbieta Pawłowska,elżbieta.pawłowska@gmail.com,48779240577,Poznań
Edyta Rutkowska,edyta.rutkowska@gmail.com,48608834101,Warszawa
Ewa Krawczyk,ewa.krawczyk@gmail.com,48638981779,Warszawa
Laura Rutkowska,laura.rutkowska@gmail.com,48517163556,Łódź
Ireneusz Wójcik,ireneusz.wójcik@gmail.com,48807453168,Warszawa
Grzegorz Zalewski,grzegorz.zalewski@gmail.com,48634325115,Gdańsk
Bożena Mazur,bożena.mazur@gmail.com,48780882152,Łódź
Kajetan Zalewski,kajetan.zalewski@gmail.com,48666531101,Gdańsk
Anita Stępień,anita.stępień@gmail.com,48681858593,Poznań
Barbara Zając,barbara.zając@gmail.com,48609968175,Gdańsk
Jan Wróbel,jan.wróbel@gmail.com,48529016432,Łódź
Edward Wójcik,edward.wójcik@gmail.com,48514470716,Kraków
Kacper Majewski,kacper.majewski@gmail.com,48627737258,Łódź
Kazimiera Dudek,kazimiera.dudek@gmail.com,48581697547,Kraków
Ewa Kowalska,ewa.kowalska@gmail.com,48711088641,Kraków
Jakub Jaworski,jakub.jaworski@gmail.com,48696771309,Kraków
Franciszek Majewski,franciszek.majewski@gmail.com,48626253833,Kraków
Dariusz Nowicki,dariusz.nowicki@gmail.com,48777790405,Warszawa
Ireneusz Woźniak,ireneusz.woźniak@gmail.com,48508111548,Kraków
Czesława Piotrowska,czesława.piotrowska@gmail.com,48645328934,Kraków
Marian Pietrzak,marian.pietrzak@gmail.com,48743788934,Gdańsk
Justyna Dudek,justyna.dudek@gmail.com,48653315273,Warszawa
Bożena Lewandowska,bożena.lewandowska@gmail.com,48667669439,Poznań
Emil Wróblewski,emil.wróblewski@gmail.com,48505135767,Gdańsk
Adrian Wojciechowski,adrian.wojciechowski@gmail.com,48690502209,Warszawa
Łukasz Tomaszewski,łukasz.tomaszewski@gmail.com,48507187770,Łódź
Hubert Pawłowski,hubert.pawłowski@gmail.com,48757260348,Poznań
Izabela Pawłowska,izabela.pawłowska@gmail.com,48528458295,Poznań
Dariusz Walczak,dariusz.walczak@gmail.com,48623123139,Kraków
Eryk Woźniak,eryk.woźniak@gmail.com,48549827679,Poznań
Natalia Szymańska,natalia.szymańska@gmail.com,48743465492,Warszawa
Anita Baran,anita.baran@gmail.com,48757679481,Kraków
Ewa Kwiatkowska,ewa.kwiatkowska@gmail.com,48818165271,Warszawa
Emilia Górska,emilia.górska@gmail.com,48605982714,Warszawa
Henryk Nowak,henryk.nowak@gmail.com,48614113849,Kraków
Anna Michalak,anna.michalak@gmail.com,48757676354,Kraków
Anita Dudek,anita.dudek@gmail.com,48548962118,Warszawa
Emilia Kozłowska,emilia.kozłowska@gmail.com,48690569501,Poznań
Dawid Wiśniewski,dawid.wiśniewski@gmail.com,48679256397,Gdańsk
Damian Król,damian.król@gmail.com,48523635667,Poznań
Halina Baran,halina.baran@gmail.com,48730362152,Warszawa
Maria Tomaszewska,maria.tomaszewska@gmail.com,48746394608,Łódź
Lidia Pietrzak,lidia.pietrzak@gmail.com,48627786368,Poznań
Lidia Górska,lidia.górska@gmail.com,48729154941,Gdańsk
Adrian Kamiński,adrian.kamiński@gmail.com,48658523621,Kraków
Gabriel Zalewski,gabriel.zalewski@gmail.com,48790982129,Kraków
Jolanta Górska,jolanta.górska@gmail.com,48802949158,Poznań
Celina Majewska,celina.majewska@gmail.com,48724778519,Warszawa
Krzysztof Nowakowski,krzysztof.nowakowski@gmail.com,48585517255,Warszawa
Maria Malinowska,maria.malinowska@gmail.com,48568631145,Gdańsk
Bogdan Kozłowski,bogdan.kozłowski@gmail.com,48720541609,Łódź
Jolanta Pawlak,jolanta.pawlak@gmail.com,48696427623,Warszawa
Dorota Kowalczyk,dorota.kowalczyk@gmail.com,48686456596,Gdańsk
Marta Szewczyk,marta.szewczyk@gmail.com,48814201271,Gdańsk
Krzysztof Witkowski,krzysztof.witkowski@gmail.com,48812683174,Kraków
Małgorzata Pawłowska,małgorzata.pawłowska@gmail.com,48747375489,Warszawa
Agnieszka Kamińska,agnieszka.kamińska@gmail.com,48814065182,Łódź
Małgorzata Woźniak,małgorzata.woźniak@gmail.com,48516732227,Poznań
Hubert Wojciechowski,hubert.wojciechowski@gmail.com,48813890800,Poznań
Anita Baran,anita.baran@gmail.com,48741726656,Poznań
Kamila Jaworska,kamila.jaworska@gmail.com,48650550378,Poznań
Janusz Walczak,janusz.walczak@gmail.com,48660986593,Warszawa
Bogdan Wiśniewski,bogdan.wiśniewski@gmail.com,48553273387,Kraków
Celina Adamczyk,celina.adamczyk@gmail.com,48615413068,Kraków
Edward Ostrowski,edward.ostrowski@gmail.com,48585525812,Warszawa
Grzegorz Zając,grzegorz.zając@gmail.com,48716349268,Kraków
Bartłomiej Wróblewski,bartłomiej.wróblewski@gmail.com,48813289785,Łódź
Mateusz Pietrzak,mateusz.pietrzak@gmail.com,48510224921,Kraków
Jerzy Szymański,jerzy.szymański@gmail.com,48642228065,Poznań
Jarosław Baran,jarosław.baran@gmail.com,48592067304,Poznań
Błażej Zalewski,błażej.zalewski@gmail.com,48573262135,Gdańsk
Kamila Witkowska,kamila.witkowska@gmail.com,48545297872,Poznań
Grzegorz Zieliński,grzegorz.zieliński@gmail.com,48620440130,Gdańsk
Kamila Kowalczyk,kamila.kowalczyk@gmail.com,48793070829,Gdańsk
Marek Rutkowski,marek.rutkowski@gmail.com,48603742652,Łódź
Mariusz Kowalczyk,mariusz.kowalczyk@gmail.com,48532655240,Łódź
Marianna Olszewska,marianna.olszewska@gmail.com,48507278494,Kraków
Daniel Dąbrowski,daniel.dąbrowski@gmail.com,48653589902,Kraków
Henryk Stępień,henryk.stępień@gmail.com,48623443146,Gdańsk
Kamila Nowicka,kamila.nowicka@gmail.com,48796020320,Gdańsk
Nina Dudek,nina.dudek@gmail.com,48611728876,Gdańsk
Jakub Majewski,jakub.majewski@gmail.com,48765633810,Kraków
Gabriela Pawlak,gabriela.pawlak@gmail.com,48552997868,Warszawa
Dagmara Kaczmarek,dagmara.kaczmarek@gmail.com,48533923320,Warszawa
Ignacy Kaczmarek,ignacy.kaczmarek@gmail.com,48545464634,Kraków
Bogdan Wojciechowski,bogdan.wojciechowski@gmail.com,48699151936,Gdańsk
Ignacy Szymański,ignacy.szymański@gmail.com,48698769248,Poznań
Barbara Kamińska,barbara.kamińska@gmail.com,48647128927,Łódź
Leon Szewczyk,leon.szewczyk@gmail.com,48578280390,Poznań
Ireneusz Baran,ireneusz.baran@gmail.com,48791425112,Gdańsk
Arkadiusz Nowakowski,arkadiusz.nowakowski@gmail.com,48666458997,Warszawa
Dariusz Tomaszewski,dariusz.tomaszewski@gmail.com,48513127564,Łódź
Lech Krawczyk,lech.krawczyk@gmail.com,48730085546,Gdańsk
Bogumiła Witkowska,bogumiła.witkowska@gmail.com,48501230393,Warszawa
Helena Zając,helena.zając@gmail.com,48802766642,Gdańsk
Danuta Wojciechowska,danuta.wojciechowska@gmail.com,48537264584,Łódź
Edward Baran,edward.baran@gmail.com,48767936719,Kraków
Łukasz Jaworski,łukasz.jaworski@gmail.com,48752454461,Łódź
Agnieszka Michalak,agnieszka.michalak@gmail.com,48720710889,Łódź
Hanna Szewczyk,hanna.szewczyk@gmail.com,48765691533,Łódź
Izabela Rutkowska,izabela.rutkowska@gmail.com,48612863389,Warszawa
Krzysztof Rutkowski,krzysztof.rutkowski@gmail.com,48773881886,Poznań
Bożena Piotrowska,bożena.piotrowska@gmail.com,48607029527,Warszawa
Joanna Walczak,joanna.walczak@gmail.com,48538357963,Warszawa
Kazimiera Jankowska,kazimiera.jankowska@gmail.com,48813730144,Łódź
Alicja Wiśniewska,alicja.wiśniewska@gmail.com,48602219863,Gdańsk
Janusz Kowalski,janusz.kowalski@gmail.com,48798311090,Poznań
Emil Sikora,emil.sikora@gmail.com,48763053018,Poznań
Grażyna Nowak,grażyna.nowak@gmail.com,48638368952,Warszawa
Aneta Wróbel,aneta.wróbel@gmail.com,48673205274,Warszawa
Łukasz Malinowski,łukasz.malinowski@gmail.com,48523414324,Poznań
Krzysztof Malinowski,krzysztof.malinowski@gmail.com,48753858575,Poznań
Arkadiusz Zając,arkadiusz.zając@gmail.com,48559852155,Kraków
Justyna Jaworska,justyna.jaworska@gmail.com,48535768119,Gdańsk
Błażej Jaworski,błażej.jaworski@gmail.com,48538124491,Kraków
Dagmara Ostrowska,dagmara.ostrowska@gmail.com,48641524338,Kraków
Julia Pietrzak,julia.pietrzak@gmail.com,48797264876,Poznań
Dawid Pawlak,dawid.pawlak@gmail.com,48807566307,Łódź
Magdalena Baran,magdalena.baran@gmail.com,48649375407,Gdańsk
Adrian Jabłoński,adrian.jabłoński@gmail.com,48781997990,Warszawa
Magdalena Wieczorek,magdalena.wieczorek@gmail.com,48587975718,Poznań
Maciej Jabłoński,maciej.jabłoński@gmail.com,48538698185,Łódź
Kamila Michalska,kamila.michalska@gmail.com,48592026421,Kraków
Julia Zając,julia.zając@gmail.com,48557832675,Poznań
Kazimierz Kowalski,kazimierz.kowalski@gmail.com,48745191768,Kraków
Barbara Kowalczyk,barbara.kowalczyk@gmail.com,48726733710,Łódź
Henryk Michalak,henryk.michalak@gmail.com,48741866530,Poznań
Jakub Wróblewski,jakub.wróblewski@gmail.com,48550618893,Kraków
Nina Stępień,nina.stępień@gmail.com,48654448806,Gdańsk
Janina Dąbrowska,janina.dąbrowska@gmail.com,48532680729,Gdańsk
Krzysztof Baran,krzysztof.baran@gmail.com,48773539523,Kraków
Janusz Szymański,janusz.szymański@gmail.com,48543839924,Warszawa
Cezary Rutkowski,cezary.rutkowski@gmail.com,48703565467,Łódź
Dawid Szymański,dawid.szymański@gmail.com,48627475992,Kraków
Laura Szewczyk,laura.szewczyk@gmail.com,48606836984,Łódź
Lucyna Michalak,lucyna.michalak@gmail.com,48741963417,Kraków
Bogdan Zalewski,bogdan.zalewski@gmail.com,48526160984,Kraków
Halina Woźniak,halina.woźniak@gmail.com,48804790837,Łódź
Hubert Wojciechowski,hubert.wojciechowski@gmail.com,48590585462,Łódź
Lech Malinowski,lech.malinowski@gmail.com,48521692979,Warszawa
Błażej Lewandowski,błażej.lewandowski@gmail.com,48555144752,Poznań
Franciszek Nowicki,franciszek.nowicki@gmail.com,48759145158,Poznań
Emil Zając,emil.zając@gmail.com,48739384443,Poznań
Bogdan Jaworski,bogdan.jaworski@gmail.com,48624850906,Gdańsk
Marek Michalak,marek.michalak@gmail.com,48606661903,Poznań
Irena Szymańska,irena.szymańska@gmail.com,48637020159,Łódź
Marian Nowakowski,marian.nowakowski@gmail.com,48539195769,Poznań
Kajetan Kamiński,kajetan.kamiński@gmail.com,48651169411,Łódź
Hanna Jankowska,hanna.jankowska@gmail.com,48812233235,Gdańsk
Edyta Kowalczyk,edyta.kowalczyk@gmail.com,48723145580,Gdańsk
Jakub Jaworski,jakub.jaworski@gmail.com,48732507825,Łódź
Czesława Wojciechowska,czesława.wojciechowska@gmail.com,48625471190,Warszawa
Marianna Walczak,marianna.walczak@gmail.com,48785298919,Gdańsk
Edward Ostrowski,edward.ostrowski@gmail.com,48729443732,Gdańsk
Mateusz Kowalski,mateusz.kowalski@gmail.com,48804089453,Poznań
Dawid Wieczorek,dawid.wieczorek@gmail.com,48686575014,Poznań
Jerzy Wróbel,jerzy.wróbel@gmail.com,48564900306,Łódź
Marian Szewczyk,marian.szewczyk@gmail.com,48564465298,Łódź
Jan Szewczyk,jan.szewczyk@gmail.com,48587416585,Kraków
Agnieszka Malinowska,agnieszka.malinowska@gmail.com,48797098115,Poznań
Beata Dąbrowska,beata.dąbrowska@gmail.com,48768607041,Warszawa
Marian Mazur,marian.mazur@gmail.com,48695508445,Warszawa
Kinga Szewczyk,kinga.szewczyk@gmail.com,48818188257,Warszawa
Mariusz Szewczyk,mariusz.szewczyk@gmail.com,48616797676,Warszawa
Grażyna Majewska,grażyna.majewska@gmail.com,48753889497,Kraków
Barbara Tomaszewska,barbara.tomaszewska@gmail.com,48769195144,Warszawa
Kazimiera Kamińska,kazimiera.kamińska@gmail.com,48616897684,Łódź
Jan Woźniak,jan.woźniak@gmail.com,48681881875,Poznań
Mariusz Wróblewski,mariusz.wróblewski@gmail.com,48738530082,Poznań
Antoni Wiśniewski,antoni.wiśniewski@gmail.com,48633570191,Gdańsk
Karol Wojciechowski,karol.wojciechowski@gmail.com,48797866431,Gdańsk
Ireneusz Walczak,ireneusz.walczak@gmail.com,48687330901,Warszawa
Adam Wojciechowski,adam.wojciechowski@gmail.com,48520683782,Kraków
Katarzyna Kamińska,katarzyna.kamińska@gmail.com,48642658935,Gdańsk
Małgorzata Michalska,małgorzata.michalska@gmail.com,48593136533,Warszawa
Kacper Sikora,kacper.sikora@gmail.com,48771504434,Kraków
Katarzyna Zielińska,katarzyna.zielińska@gmail.com,48798334491,Gdańsk
